Job Title,Company,Location,Job URL,Date Posted,Month
Data Analyst,NES Fircroft,"['US', 'Minnesota', 'Houston County', 'Houston']",https://www.adzuna.com/land/ad/4867283205?se=dG3pxIad7xGhF-JMNZ_SoQ&utm_medium=api&utm_source=fb08740f&v=3B613B6E4A3205D7220383328BEAC123AC33A330,2024-09-17 16:06:48+00:00,2024-09
Data Analyst,"Technology Consulting, Inc.","['US', 'Kentucky', 'Fayette County', 'Lexington']",https://www.adzuna.com/land/ad/4927061236?se=dG3pxIad7xGhF-JMNZ_SoQ&utm_medium=api&utm_source=fb08740f&v=8E7276BF96CC96EF0835EE342BF65690681E35DA,2024-11-05 08:54:25+00:00,2024-11
Data Analyst,Dexian,"['US', 'Massachusetts', 'Suffolk County', 'Boston']",https://www.adzuna.com/land/ad/4929887881?se=dG3pxIad7xGhF-JMNZ_SoQ&utm_medium=api&utm_source=fb08740f&v=452B74921CFA48CA1F8D5559BAE805D565049AC1,2024-11-07 08:46:33+00:00,2024-11
Data Analyst,Cohere Health,"['US', 'Pennsylvania', 'Montgomery County', 'Elkins Park']",https://www.adzuna.com/land/ad/4875765055?se=dG3pxIad7xGhF-JMNZ_SoQ&utm_medium=api&utm_source=fb08740f&v=07B8AD11C67898420476F06162059AEF06CE1DB9,2024-09-25 08:23:52+00:00,2024-09
Data Analyst,Cohere Health,"['US', 'California', 'Los Angeles County', 'Textile Finance']",https://www.adzuna.com/land/ad/4875765417?se=dG3pxIad7xGhF-JMNZ_SoQ&utm_medium=api&utm_source=fb08740f&v=66B111D51681794635898E1296F78B73E571EDC1,2024-09-25 08:24:55+00:00,2024-09
Data Analyst,Cohere Health,"['US', 'Texas', 'Travis County', 'Bee Cave']",https://www.adzuna.com/land/ad/4875763488?se=dG3pxIad7xGhF-JMNZ_SoQ&utm_medium=api&utm_source=fb08740f&v=FEFD2C16B71A06E5E870ACD7C975DE2DA7156DF8,2024-09-25 08:20:55+00:00,2024-09
Data Analyst,Cohere Health,"['US', 'California', 'Santa Clara County', 'Campbell']",https://www.adzuna.com/land/ad/4875763359?se=dG3pxIad7xGhF-JMNZ_SoQ&utm_medium=api&utm_source=fb08740f&v=B875F2AD053723C888FDA88BE87B554AEDCC4AB5,2024-09-25 08:20:49+00:00,2024-09
Data Analyst,Cohere Health,"['US', 'Washington, D.C.', 'Washington']",https://www.adzuna.com/land/ad/4875763358?se=dG3pxIad7xGhF-JMNZ_SoQ&utm_medium=api&utm_source=fb08740f&v=A72B6409399C1CF3E64526E5546C3B58DD580342,2024-09-25 08:20:49+00:00,2024-09
Data Analyst,Cohere Health,"['US', 'Georgia', 'DeKalb County', 'Northlake']",https://www.adzuna.com/land/ad/4875763721?se=dG3pxIad7xGhF-JMNZ_SoQ&utm_medium=api&utm_source=fb08740f&v=7D2DE3F19F0772E013E071F13D3D2D21795C2595,2024-09-25 08:21:07+00:00,2024-09
Data Analyst,Cohere Health,"['US', 'Texas', 'Harris County', 'Trammells']",https://www.adzuna.com/land/ad/4875763489?se=dG3pxIad7xGhF-JMNZ_SoQ&utm_medium=api&utm_source=fb08740f&v=1283E7A9BBFEBB59A4FF0A9DC2C081FC860C0B75,2024-09-25 08:20:55+00:00,2024-09
Data Analyst,Cohere Health,"['US', 'Massachusetts', 'Suffolk County', 'South Boston']",https://www.adzuna.com/land/ad/4875763442?se=dG3pxIad7xGhF-JMNZ_SoQ&utm_medium=api&utm_source=fb08740f&v=F65FC23C34E6CD65E4C0C93CB02C40C489585937,2024-09-25 08:20:52+00:00,2024-09
Data Analyst,Cohere Health,"['US', 'California', 'San Diego County', 'San Diego']",https://www.adzuna.com/land/ad/4875763729?se=dG3pxIad7xGhF-JMNZ_SoQ&utm_medium=api&utm_source=fb08740f&v=5D6A5DB5A6177BAF2ADDDBCDB0CE72A94949CD78,2024-09-25 08:21:07+00:00,2024-09
Data Analyst,Cohere Health,['US'],https://www.adzuna.com/land/ad/4875764005?se=dG3pxIad7xGhF-JMNZ_SoQ&utm_medium=api&utm_source=fb08740f&v=DCA6E260E6112C0CEF21C9B74C12301BFAEC715F,2024-09-25 08:21:47+00:00,2024-09
Data Analyst,Cohere Health,"['US', 'Illinois', 'Cook County', 'Schiller Park']",https://www.adzuna.com/land/ad/4875765014?se=dG3pxIad7xGhF-JMNZ_SoQ&utm_medium=api&utm_source=fb08740f&v=67C99453CA746748C762E3CE903EE65C6DC6870B,2024-09-25 08:23:42+00:00,2024-09
Data Analyst,Cohere Health,"['US', 'California', 'San Francisco', 'Hayes Valley']",https://www.adzuna.com/land/ad/4875764964?se=dG3pxIad7xGhF-JMNZ_SoQ&utm_medium=api&utm_source=fb08740f&v=CB3AAA30B9D0064EDCC74125CD6FEA0F2304430E,2024-09-25 08:23:21+00:00,2024-09
Data Analyst,Cohere Health,"['US', 'Texas', 'Dallas', 'Highland Park']",https://www.adzuna.com/land/ad/4875764092?se=dG3pxIad7xGhF-JMNZ_SoQ&utm_medium=api&utm_source=fb08740f&v=3312C009AEE4AF1C42AC9AA2D0528D21FA48CF0E,2024-09-25 08:21:59+00:00,2024-09
Data Analyst,Cohere Health,"['US', 'New York', 'New York City', 'Manhattan', 'Grand Central']",https://www.adzuna.com/land/ad/4875764579?se=dG3pxIad7xGhF-JMNZ_SoQ&utm_medium=api&utm_source=fb08740f&v=13745247E5E87FB8194F95AE85E059CC53E2DE79,2024-09-25 08:22:45+00:00,2024-09
Data Analyst,Cardinal Health,"['US', 'New York', 'Albany County', 'Ny State Campus']",https://www.adzuna.com/details/4922488118?utm_medium=api&utm_source=fb08740f,2024-11-01 16:36:12+00:00,2024-11
Data Analyst,Riskified,"['US', 'New York', 'New York City', 'Manhattan', 'Grand Central']",https://www.adzuna.com/land/ad/4909190132?se=dG3pxIad7xGhF-JMNZ_SoQ&utm_medium=api&utm_source=fb08740f&v=4B0BA597818F12CBD79C377B484C5422429BD0D7,2024-10-21 14:18:06+00:00,2024-10
Financial Data Analyst,Insight Global Healthcare,"['US', 'Georgia', 'Berrien County', 'Nashville']",https://www.adzuna.com/land/ad/4923093314?se=dG3pxIad7xGhF-JMNZ_SoQ&utm_medium=api&utm_source=fb08740f&v=2F81D70141292629740221380862481587AB699F,2024-11-02 03:25:45+00:00,2024-11
Financial Data Analyst,Robert Half,"['US', 'Connecticut', 'Hartford County', 'Farmington']",https://www.adzuna.com/land/ad/4929430165?se=UF2BxYad7xGsfsjnwIj2Ow&utm_medium=api&utm_source=fb08740f&v=D28BDE784BA9121DD9B8BA3261C9C8AB83EDBCA5,2024-11-07 01:41:20+00:00,2024-11
Financial Data Analyst,Robert Half,"['US', 'Minnesota', 'Hennepin County', 'Wayzata']",https://www.adzuna.com/land/ad/4928026959?se=UF2BxYad7xGsfsjnwIj2Ow&utm_medium=api&utm_source=fb08740f&v=718FA996A83F48BD02775F32FEAF514CA4D70B62,2024-11-06 01:33:30+00:00,2024-11
Financial Data Analyst,Robert Half,"['US', 'Iowa', 'Clinton County', 'Charlotte']",https://www.adzuna.com/land/ad/4930613798?se=UF2BxYad7xGsfsjnwIj2Ow&utm_medium=api&utm_source=fb08740f&v=58052F51289B6027C2B757C3F9A0D59679A805B3,2024-11-07 19:34:44+00:00,2024-11
Data Analyst,The Law Offices of Hilda L. Sibrian,"['US', 'Texas', 'Harris County', 'Houston']",https://www.adzuna.com/land/ad/4911424282?se=UF2BxYad7xGsfsjnwIj2Ow&utm_medium=api&utm_source=fb08740f&v=8DCE835B7CB67EF4406AE80C34693DB43488580C,2024-10-23 13:04:18+00:00,2024-10
Data Analyst,KD Direct Marketing,"['US', 'Georgia', 'Fulton County', 'Atlanta']",https://www.adzuna.com/land/ad/4930784793?se=UF2BxYad7xGsfsjnwIj2Ow&utm_medium=api&utm_source=fb08740f&v=9E719493DC626753BC8B5324BD373DB0B74358B3,2024-11-07 22:29:08+00:00,2024-11
Data Analyst,Robert Half,"['US', 'Washington', 'King County', 'Seattle']",https://www.adzuna.com/land/ad/4900250945?se=UF2BxYad7xGsfsjnwIj2Ow&utm_medium=api&utm_source=fb08740f&v=B791096F890E070861078C841E3EEEC386255727,2024-10-12 21:09:54+00:00,2024-10
Data Analyst,Robert Half,"['US', 'California', 'Los Angeles County', 'Los Angeles']",https://www.adzuna.com/land/ad/4920402487?se=UF2BxYad7xGsfsjnwIj2Ow&utm_medium=api&utm_source=fb08740f&v=940DA1A518A56C87957AEA02558C96631845D130,2024-10-31 22:05:12+00:00,2024-10
Data Analyst,Insight Global,"['US', 'Florida', 'Orange County', 'Maitland']",https://www.adzuna.com/land/ad/4927617457?se=UF2BxYad7xGsfsjnwIj2Ow&utm_medium=api&utm_source=fb08740f&v=33752DC1433CE54DE59AFC649F179495D3041B20,2024-11-05 17:00:59+00:00,2024-11
Data Analyst,Stenzo Tech,"['US', 'Florida', 'Hillsborough County', 'Tampa']",https://www.adzuna.com/land/ad/4920605397?se=UF2BxYad7xGsfsjnwIj2Ow&utm_medium=api&utm_source=fb08740f&v=0EB9E60936556360AE9BDF06F4F112D1AC246943,2024-11-01 01:39:18+00:00,2024-11
Data Analyst,Robert Half,"['US', 'California', 'Ventura County', 'Ventura']",https://www.adzuna.com/land/ad/4913211058?se=UF2BxYad7xGsfsjnwIj2Ow&utm_medium=api&utm_source=fb08740f&v=DE3FAB36D4AC9C5D539FC426612169F2E8DB86F3,2024-10-24 21:36:40+00:00,2024-10
Data Analyst,Restaurant Depot,"['US', 'California', 'Orange County', 'Anaheim']",https://www.adzuna.com/land/ad/4910031720?se=UF2BxYad7xGsfsjnwIj2Ow&utm_medium=api&utm_source=fb08740f&v=090B497EC1D5A2AF05E9D6FCB65E06D98EE8C7EA,2024-10-22 04:28:09+00:00,2024-10
Data Analyst,BMG Money,"['US', 'Florida', 'Miami-Dade County', 'Miami']",https://www.adzuna.com/land/ad/4906537282?se=UF2BxYad7xGsfsjnwIj2Ow&utm_medium=api&utm_source=fb08740f&v=7B86329CA25F6E091DC44DAB28BEC9CDEC5DFCC8,2024-10-18 12:04:08+00:00,2024-10
Data Analyst,Robert Half,"['US', 'Pennsylvania', 'Berks County', 'Reading']",https://www.adzuna.com/land/ad/4904635906?se=UF2BxYad7xGsfsjnwIj2Ow&utm_medium=api&utm_source=fb08740f&v=F6B3746DD842FD4B197854E2BC70B2E5D89D7ABB,2024-10-16 20:02:47+00:00,2024-10
Data Analyst,Robert Half,"['US', 'Idaho', 'Canyon County', 'Caldwell']",https://www.adzuna.com/land/ad/4928028852?se=UF2BxYad7xGsfsjnwIj2Ow&utm_medium=api&utm_source=fb08740f&v=BEA72F81D004D9926C6F960E28E57DBE78EF63FF,2024-11-06 01:40:56+00:00,2024-11
Data Analyst,Gryphon Environmental LLC,"['US', 'Iowa', 'Polk County', 'Des Moines']",https://www.adzuna.com/land/ad/4924035885?se=UF2BxYad7xGsfsjnwIj2Ow&utm_medium=api&utm_source=fb08740f&v=75C80F88184F9BC62D184E4EDC2B4635F6DA2019,2024-11-03 01:01:25+00:00,2024-11
Data Analyst,Gryphon Environmental LLC,"['US', 'Wisconsin', 'Monroe County', 'Sparta']",https://www.adzuna.com/land/ad/4899432895?se=UF2BxYad7xGsfsjnwIj2Ow&utm_medium=api&utm_source=fb08740f&v=B7DD1CBAA2F027E32BA45AB850E591FA4E5857BC,2024-10-11 23:32:41+00:00,2024-10
Data Analyst,Knight Law Group LLP,"['US', 'California', 'Los Angeles County', 'Los Angeles']",https://www.adzuna.com/land/ad/4930774206?se=UF2BxYad7xGsfsjnwIj2Ow&utm_medium=api&utm_source=fb08740f&v=64FDB2C012AA5903161DDFAA621D4F26673D224D,2024-11-07 22:25:19+00:00,2024-11
Data Analyst,Insightin Health,"['US', 'Maryland', 'Baltimore County', 'Baltimore']",https://www.adzuna.com/land/ad/4905950554?se=UF2BxYad7xGsfsjnwIj2Ow&utm_medium=api&utm_source=fb08740f&v=0933949FC6A14F652553DA1292FC4D825E86CAE2,2024-10-17 23:38:07+00:00,2024-10
Data Analyst,Akkodis,"['US', 'Illinois', 'Cook County', 'Chicago']",https://www.adzuna.com/land/ad/4929704113?se=UF2BxYad7xGsfsjnwIj2Ow&utm_medium=api&utm_source=fb08740f&v=4F562C90C8BD219D0380E0C65E56F6BF96A0022D,2024-11-07 04:54:39+00:00,2024-11
Data Analyst,DJS FINANCIAL SERVICES LLC,"['US', 'Colorado', 'Arapahoe County', 'Englewood']",https://www.adzuna.com/land/ad/4915913648?se=UF2BxYad7xGsfsjnwIj2Ow&utm_medium=api&utm_source=fb08740f&v=D2C117AFAEF308A0C29B38C30F1CBD6730663C76,2024-10-27 13:25:31+00:00,2024-10
Data Analyst,TEKsystems,"['US', 'Iowa', 'Clinton County', 'Charlotte']",https://www.adzuna.com/land/ad/4925310720?se=omlZxoad7xG5ExfnupXhsw&utm_medium=api&utm_source=fb08740f&v=400F6719B56557F745A9ECC62E1FF9F48191AA09,2024-11-03 20:43:32+00:00,2024-11
Data Analyst,TEKsystems,"['US', 'Georgia', 'Paulding County', 'Dallas']",https://www.adzuna.com/land/ad/4925317758?se=omlZxoad7xG5ExfnupXhsw&utm_medium=api&utm_source=fb08740f&v=72018B93C7B3784DA66DCCDF031933C2A201CC71,2024-11-03 20:57:47+00:00,2024-11
Data Analyst,TEKsystems,"['US', 'Kansas', 'Ottawa County', 'Minneapolis']",https://www.adzuna.com/land/ad/4925316382?se=omlZxoad7xG5ExfnupXhsw&utm_medium=api&utm_source=fb08740f&v=2CD28CDD1ECC6A6C967CCD070882ECC7B5D10E83,2024-11-03 20:53:51+00:00,2024-11
Data Analyst,TEKsystems,"['US', 'Indiana', 'Warrick County', 'Chandler']",https://www.adzuna.com/land/ad/4925314312?se=omlZxoad7xG5ExfnupXhsw&utm_medium=api&utm_source=fb08740f&v=694751FE7D795184A2AD39AB0E1FAE708D011D85,2024-11-03 20:49:37+00:00,2024-11
Data Analyst,Infusion Software Inc,"['US', 'Arizona', 'Maricopa County', 'Chandler']",https://www.adzuna.com/land/ad/4905264018?se=omlZxoad7xG5ExfnupXhsw&utm_medium=api&utm_source=fb08740f&v=C8EE8795EB3E032A77BDAC87F8E4CB6B6D2F5228,2024-10-17 11:36:23+00:00,2024-10
data analyst,Robert Half,"['US', 'Minnesota', 'Houston County', 'Houston']",https://www.adzuna.com/land/ad/4920396934?se=omlZxoad7xG5ExfnupXhsw&utm_medium=api&utm_source=fb08740f&v=F0AC50417B01066A1518FAC5F5FC152332DF3C8F,2024-10-31 21:59:36+00:00,2024-10
Data Analyst,Robert Half,"['US', 'Georgia', 'Glynn County', 'Everett']",https://www.adzuna.com/land/ad/4920900801?se=omlZxoad7xG5ExfnupXhsw&utm_medium=api&utm_source=fb08740f&v=E70CCD992F0BA7C685875EF0A3E2C9B6E404718D,2024-11-01 04:13:58+00:00,2024-11
Data Analyst,HDI Global Insurance Company,"['US', 'Illinois', 'Cook County', 'Chicago']",https://www.adzuna.com/land/ad/4930777543?se=omlZxoad7xG5ExfnupXhsw&utm_medium=api&utm_source=fb08740f&v=B2FB46842AFD6A51D1AEEC4955498FBEC036A71A,2024-11-07 22:26:54+00:00,2024-11
Data Analyst,Robert Half,"['US', 'Mississippi', 'Smith County', 'Raleigh']",https://www.adzuna.com/land/ad/4920901063?se=omlZxoad7xG5ExfnupXhsw&utm_medium=api&utm_source=fb08740f&v=BACAE5B0611FF364BF191D3EF8C78B68139D4B32,2024-11-01 04:14:32+00:00,2024-11
Data Analyst,PYA P C,"['US', 'Georgia', 'Fulton County', 'Atlanta']",https://www.adzuna.com/land/ad/4911988993?se=omlZxoad7xG5ExfnupXhsw&utm_medium=api&utm_source=fb08740f&v=D9615A7650E87A8EA9EC4801F8633BA0B80F6A6D,2024-10-24 01:23:48+00:00,2024-10
Data Analyst,ALTA IT Services,"['US', 'Virginia', 'Fairfax County', 'Vienna']",https://www.adzuna.com/land/ad/4927883061?se=omlZxoad7xG5ExfnupXhsw&utm_medium=api&utm_source=fb08740f&v=03F46C742A07C9FA4CEA977CCB5FECC02E8D9957,2024-11-05 22:28:26+00:00,2024-11
Data Analyst,Tech Consulting,"['US', 'Arizona', 'Maricopa County', 'Phoenix']",https://www.adzuna.com/land/ad/4930774172?se=omlZxoad7xG5ExfnupXhsw&utm_medium=api&utm_source=fb08740f&v=84A52A6AE015CA3BE8BC092862D925DFCE7055DC,2024-11-07 22:25:16+00:00,2024-11
Senior Data Analyst,Wal-Mart,"['US', 'California', 'San Mateo County', 'San Bruno']",https://www.adzuna.com/land/ad/4924727033?se=omlZxoad7xG5ExfnupXhsw&utm_medium=api&utm_source=fb08740f&v=B4F5253E4449F053F1B6A0B872F0308AF92D059A,2024-11-03 08:38:16+00:00,2024-11
Senior Data Analyst,Wal-Mart,"['US', 'California', 'San Mateo County', 'San Bruno']",https://www.adzuna.com/land/ad/4924727973?se=omlZxoad7xG5ExfnupXhsw&utm_medium=api&utm_source=fb08740f&v=3450F311F8747171BB8C05178A0736195EFF30D8,2024-11-03 08:38:43+00:00,2024-11
Senior Data Analyst,Wal-Mart,"['US', 'California', 'San Mateo County', 'San Bruno']",https://www.adzuna.com/land/ad/4924727985?se=omlZxoad7xG5ExfnupXhsw&utm_medium=api&utm_source=fb08740f&v=8C95269FE063E752941CFBA628E140F6F95FCB6E,2024-11-03 08:38:43+00:00,2024-11
Financial Data Analyst,"Stripe, Inc.","['US', 'California', 'San Mateo County', 'South San Francisco']",https://www.adzuna.com/land/ad/4927061984?se=omlZxoad7xG5ExfnupXhsw&utm_medium=api&utm_source=fb08740f&v=7C9D7C0FF5A289FE817EEA9240B689A0D5207642,2024-11-05 08:54:41+00:00,2024-11
Senior Data Analyst,Wal-Mart,"['US', 'California', 'Santa Clara County', 'Cupertino']",https://www.adzuna.com/land/ad/4924727361?se=omlZxoad7xG5ExfnupXhsw&utm_medium=api&utm_source=fb08740f&v=19B1ED1CD34B78A2C65DBE85B51955F366D1E043,2024-11-03 08:38:24+00:00,2024-11
Data Analyst,"Jessica Stewart Design, LLC","['US', 'Florida', 'Duval County', 'Jacksonville']",https://www.adzuna.com/land/ad/4906584026?se=omlZxoad7xG5ExfnupXhsw&utm_medium=api&utm_source=fb08740f&v=85E852D5CE3CF5A6CE488885DE2DFBD19F464A1F,2024-10-18 12:07:33+00:00,2024-10
Data Analyst,Interactive Resources - iR,"['US', 'Colorado']",https://www.adzuna.com/land/ad/4913205858?se=omlZxoad7xG5ExfnupXhsw&utm_medium=api&utm_source=fb08740f&v=0F7B5A46CA295E4667DFE0999F1FC3B8A00E170B,2024-10-24 21:27:26+00:00,2024-10
Data Analyst,Swagelok Denver,"['US', 'Colorado', 'Jefferson County', 'Wheat Ridge']",https://www.adzuna.com/land/ad/4906581876?se=omlZxoad7xG5ExfnupXhsw&utm_medium=api&utm_source=fb08740f&v=19A426A4979654DCF3A83D3DA5235FB87F38D3E8,2024-10-18 12:07:21+00:00,2024-10
Data Analyst,Photon,"['US', 'Kentucky', 'Jefferson County', 'Louisville']",https://www.adzuna.com/land/ad/4913205831?se=ermox4ad7xG5ExfnupXhsw&utm_medium=api&utm_source=fb08740f&v=3E6F77089CD09984EF8CCD76F26D3E85A9777765,2024-10-24 21:27:25+00:00,2024-10
Data Analyst,Photon,"['US', 'Kentucky', 'Jefferson County', 'Louisville']",https://www.adzuna.com/land/ad/4913205647?se=ermox4ad7xG5ExfnupXhsw&utm_medium=api&utm_source=fb08740f&v=11820E766F9D5FAB461885B70AB97905BEF16DCD,2024-10-24 21:27:16+00:00,2024-10
Data Analyst,Brooksource,"['US', 'Georgia', 'Fulton County', 'Atlanta']",https://www.adzuna.com/land/ad/4915642401?se=ermox4ad7xG5ExfnupXhsw&utm_medium=api&utm_source=fb08740f&v=85307D7089DD272235D0A725199F765695E7AEF7,2024-10-27 05:31:05+00:00,2024-10
Data Analyst,Robert Half,"['US', 'California', 'Los Angeles County', 'Los Angeles']",https://www.adzuna.com/land/ad/4928951999?se=ermox4ad7xG5ExfnupXhsw&utm_medium=api&utm_source=fb08740f&v=BBE883349FB8C75F1B0262E1628E561AE9491A76,2024-11-06 15:32:14+00:00,2024-11
Data Analyst,TCI Technology Consulting Inc,"['US', 'Kentucky', 'Franklin County', 'Frankfort']",https://www.adzuna.com/land/ad/4928951790?se=ermox4ad7xG5ExfnupXhsw&utm_medium=api&utm_source=fb08740f&v=645A858AB97A0092AED29A18690A314EADE2D0CC,2024-11-06 15:32:12+00:00,2024-11
Data Analyst,Robert Half,"['US', 'Georgia', 'Fulton County', 'Atlanta']",https://www.adzuna.com/land/ad/4928950723?se=ermox4ad7xG5ExfnupXhsw&utm_medium=api&utm_source=fb08740f&v=D239680DD74AC70B0515B22C6B31951216C887F9,2024-11-06 15:31:59+00:00,2024-11
Data Analyst,Brooksource,"['US', 'Texas', 'Harris County', 'Houston']",https://www.adzuna.com/land/ad/4906584657?se=ermox4ad7xG5ExfnupXhsw&utm_medium=api&utm_source=fb08740f&v=A3A5E2DF80DF1E22563044A803D62B4BFCD36C1A,2024-10-18 12:07:36+00:00,2024-10
Data Analyst,"Healthcare Retroactive Audits, Inc","['US', 'Florida', 'Miami-Dade County', 'Miami']",https://www.adzuna.com/land/ad/4906585984?se=ermox4ad7xG5ExfnupXhsw&utm_medium=api&utm_source=fb08740f&v=D489BB902CF1457E8EDAA61A5487B52D1F187C7D,2024-10-18 12:07:43+00:00,2024-10
Data Analyst,Dexian,"['US', 'Florida', 'Manatee County', 'University Park']",https://www.adzuna.com/land/ad/4928951101?se=ermox4ad7xG5ExfnupXhsw&utm_medium=api&utm_source=fb08740f&v=BAFAEB6FF79BFBDA8903ABABB144D562282A78A3,2024-11-06 15:32:04+00:00,2024-11
Data Analyst,"Sage Butte Energy, LLC","['US', 'Colorado', 'Denver']",https://www.adzuna.com/land/ad/4924001352?se=ermox4ad7xG5ExfnupXhsw&utm_medium=api&utm_source=fb08740f&v=2CB60997505E16AD156C3B0CE86016EA1A1BC5BF,2024-11-03 01:50:50+00:00,2024-11
Data Analyst,Quantam,"['US', 'Kentucky', 'Franklin County', 'Frankfort']",https://www.adzuna.com/land/ad/4928950992?se=ermox4ad7xG5ExfnupXhsw&utm_medium=api&utm_source=fb08740f&v=C61DD65B8400F586115CC4811D1BEF0525F8AA86,2024-11-06 15:32:02+00:00,2024-11
Data Analyst,Find Great People | FGP,"['US', 'North Carolina', 'Rowan County', 'Salisbury']",https://www.adzuna.com/land/ad/4928951520?se=ermox4ad7xG5ExfnupXhsw&utm_medium=api&utm_source=fb08740f&v=D6CD646EB813AABF75DDB28603D9506E4A9D2519,2024-11-06 15:32:09+00:00,2024-11
Data Analyst,Robert Half,"['US', 'Georgia', 'Fulton County', 'Atlanta']",https://www.adzuna.com/land/ad/4928951027?se=ermox4ad7xG5ExfnupXhsw&utm_medium=api&utm_source=fb08740f&v=C565FE4645CA7BD37229F810486C179EF3BF37F1,2024-11-06 15:32:03+00:00,2024-11
Data Analyst,System Soft Technologies,"['US', 'Florida', 'Miami-Dade County', 'Miami']",https://www.adzuna.com/land/ad/4928952174?se=ermox4ad7xG5ExfnupXhsw&utm_medium=api&utm_source=fb08740f&v=93B50FC8D9EAE7E84B83C3A892E86FE6F2B0228F,2024-11-06 15:32:17+00:00,2024-11
Data Analyst - Marketing,Summa Health,"['US', 'Ohio', 'Summit County', 'Akron']",https://www.adzuna.com/land/ad/4888653100?se=ermox4ad7xG5ExfnupXhsw&utm_medium=api&utm_source=fb08740f&v=95897C8982885F8D4814AA012F2EA86554800E12,2024-10-04 09:39:57+00:00,2024-10
Data Analyst 2,Insight Global,"['US', 'Washington', 'King County', 'International']",https://www.adzuna.com/details/4920217752?utm_medium=api&utm_source=fb08740f,2024-10-31 16:42:31+00:00,2024-10
Marketing Data Analyst,US Tech Solutions,"['US', 'New York', 'New York City', 'Manhattan', 'Grand Central']",https://www.adzuna.com/details/4687974701?utm_medium=api&utm_source=fb08740f,2024-05-10 15:34:40+00:00,2024-05
Sr. Data Analyst,Robert Half,"['US', 'California', 'Los Angeles County', 'Pico Heights']",https://www.adzuna.com/details/4927495638?utm_medium=api&utm_source=fb08740f,2024-11-05 15:05:06+00:00,2024-11
Data Analyst III,R3 Management Services,"['US', 'Washington, D.C.', 'Washington']",https://www.adzuna.com/land/ad/4930779467?se=ermox4ad7xG5ExfnupXhsw&utm_medium=api&utm_source=fb08740f&v=06BE8E6BF8ED0653F495AECAD7F20603AE5C9CE9,2024-11-07 22:27:28+00:00,2024-11
Tableau Data Analyst,"UNIVERSAL Technologies, LLC","['US', 'New York', 'New York City', 'Manhattan', 'Grand Central']",https://www.adzuna.com/details/4905625535?utm_medium=api&utm_source=fb08740f,2024-10-17 16:32:12+00:00,2024-10
School Data Analyst,Orange-Ulster BOCES,"['US', 'New York', 'Orange County', 'Goshen']",https://www.adzuna.com/details/4925244239?utm_medium=api&utm_source=fb08740f,2024-11-03 15:36:47+00:00,2024-11
"Data Analyst, Health",American Institutes for Research,"['US', 'California', 'Sacramento County', 'Sacramento']",https://www.adzuna.com/details/4911577862?utm_medium=api&utm_source=fb08740f,2024-10-23 15:54:35+00:00,2024-10
Senior Data Analyst,Cohere Health,"['US', 'California', 'San Diego County', 'San Diego']",https://www.adzuna.com/land/ad/4875763364?se=npoByYad7xGhF-JMNZ_SoQ&utm_medium=api&utm_source=fb08740f&v=9539B277487A5245B5B26F273DC019F1B96219DE,2024-09-25 08:20:49+00:00,2024-09
Senior Data Analyst,Cohere Health,"['US', 'Texas', 'Harris County', 'Trammells']",https://www.adzuna.com/land/ad/4875763296?se=npoByYad7xGhF-JMNZ_SoQ&utm_medium=api&utm_source=fb08740f&v=E3AC8478DE9602D0DCAA767AAA0AB6A549FDA378,2024-09-25 08:20:46+00:00,2024-09
Senior Data Analyst,Cohere Health,"['US', 'Massachusetts', 'Suffolk County', 'South Boston']",https://www.adzuna.com/land/ad/4875763123?se=npoByYad7xGhF-JMNZ_SoQ&utm_medium=api&utm_source=fb08740f&v=20C17331C6486E26B090492199D17BB23885F93E,2024-09-25 08:20:38+00:00,2024-09
Senior Data Analyst,Cohere Health,['US'],https://www.adzuna.com/land/ad/4875764777?se=npoByYad7xGhF-JMNZ_SoQ&utm_medium=api&utm_source=fb08740f&v=3CC27F5B1DE722D6C117AE998870B308FF9C2508,2024-09-25 08:23:01+00:00,2024-09
Senior Data Analyst,Cohere Health,"['US', 'Texas', 'Travis County', 'Bee Cave']",https://www.adzuna.com/land/ad/4875764796?se=npoByYad7xGhF-JMNZ_SoQ&utm_medium=api&utm_source=fb08740f&v=F7C8F8DE41BF756BA3D82CEC124EE7A61241E0E0,2024-09-25 08:23:02+00:00,2024-09
Senior Data Analyst,Cohere Health,"['US', 'Washington, D.C.', 'Washington']",https://www.adzuna.com/land/ad/4875765312?se=npoByYad7xGhF-JMNZ_SoQ&utm_medium=api&utm_source=fb08740f&v=23798C7A574DAAB24086CD7A60F4C6271FD672FE,2024-09-25 08:24:41+00:00,2024-09
Senior Data Analyst,Cohere Health,"['US', 'New York', 'New York City', 'Manhattan', 'Grand Central']",https://www.adzuna.com/land/ad/4875765144?se=npoByYad7xGhF-JMNZ_SoQ&utm_medium=api&utm_source=fb08740f&v=12E41F0D0E96C2FA8FEA954425C561B17B6579AB,2024-09-25 08:24:13+00:00,2024-09
Senior Data Analyst,Cohere Health,"['US', 'California', 'Los Angeles County', 'Textile Finance']",https://www.adzuna.com/land/ad/4875765258?se=npoByYad7xGhF-JMNZ_SoQ&utm_medium=api&utm_source=fb08740f&v=7C94DB620402A736794845A3B2ECDBDDC31A3FE3,2024-09-25 08:24:33+00:00,2024-09
Senior Data Analyst,Cohere Health,"['US', 'California', 'San Francisco', 'Hayes Valley']",https://www.adzuna.com/land/ad/4875765121?se=npoByYad7xGhF-JMNZ_SoQ&utm_medium=api&utm_source=fb08740f&v=E278C6C65BEFDACCF8911786D4BF532D211095A9,2024-09-25 08:24:08+00:00,2024-09
Senior Data Analyst,Cohere Health,"['US', 'Illinois', 'Cook County', 'Schiller Park']",https://www.adzuna.com/land/ad/4875763088?se=npoByYad7xGhF-JMNZ_SoQ&utm_medium=api&utm_source=fb08740f&v=66D96691E955D4BB1D4483C60D6E88AE81E44408,2024-09-25 08:20:37+00:00,2024-09
Senior Data Analyst,Cohere Health,"['US', 'Georgia', 'DeKalb County', 'Northlake']",https://www.adzuna.com/land/ad/4875763395?se=npoByYad7xGhF-JMNZ_SoQ&utm_medium=api&utm_source=fb08740f&v=BD4B3E151643B049695C067BA22CF3307C99E1E9,2024-09-25 08:20:50+00:00,2024-09
Senior Data Analyst,Cohere Health,"['US', 'Texas', 'Dallas', 'Highland Park']",https://www.adzuna.com/land/ad/4875763392?se=npoByYad7xGhF-JMNZ_SoQ&utm_medium=api&utm_source=fb08740f&v=F65868FC8652054E26EE4909B1E09EAB0AEE81C5,2024-09-25 08:20:50+00:00,2024-09
Senior Data Analyst,Cohere Health,"['US', 'Pennsylvania', 'Montgomery County', 'Elkins Park']",https://www.adzuna.com/land/ad/4875763967?se=npoByYad7xGhF-JMNZ_SoQ&utm_medium=api&utm_source=fb08740f&v=B1F2D76E28F258178FC5219B2459E8F49684C62F,2024-09-25 08:21:39+00:00,2024-09
Senior Data Analyst,Cohere Health,"['US', 'California', 'Santa Clara County', 'Campbell']",https://www.adzuna.com/land/ad/4875764234?se=npoByYad7xGhF-JMNZ_SoQ&utm_medium=api&utm_source=fb08740f&v=60D4E905B7EA94C28C397B92529F9A0FA310D4C7,2024-09-25 08:22:14+00:00,2024-09
"Data Analyst, VP",Barclays,"['US', 'Delaware', 'New Castle County', 'Wilmington']",https://www.adzuna.com/land/ad/4913840985?se=npoByYad7xGhF-JMNZ_SoQ&utm_medium=api&utm_source=fb08740f&v=E062E8A7EEE3C533139DCEB3EB83C64F35611E00,2024-10-25 10:29:03+00:00,2024-10
Data Analyst I,University of Rochester,"['US', 'New York', 'Monroe County', 'Rochester']",https://www.adzuna.com/details/4763197993?utm_medium=api&utm_source=fb08740f,2024-07-02 16:30:00+00:00,2024-07
Data Analyst I,University of Rochester,"['US', 'New York', 'Monroe County', 'Rochester']",https://www.adzuna.com/details/4887753690?utm_medium=api&utm_source=fb08740f,2024-10-03 16:27:29+00:00,2024-10
Warranty Data Analyst,Carrier,"['US', 'New York', 'Onondaga County', 'East Syracuse']",https://www.adzuna.com/details/4908314161?utm_medium=api&utm_source=fb08740f,2024-10-20 16:33:10+00:00,2024-10
Parts and Service Data Analyst,Volt,"['US', 'California', 'Orange County', 'Fountain Valley']",https://www.adzuna.com/land/ad/4919370962?se=5ErJyYad7xGsfsjnwIj2Ow&utm_medium=api&utm_source=fb08740f&v=900F977C1619A54AC0B81B5703EE6AFB7BB1A5BA,2024-10-31 01:07:31+00:00,2024-10
Payroll Data Analyst-Hybrid,US HealthCenter,"['US', 'Wisconsin', 'Ozaukee County', 'Mequon']",https://www.adzuna.com/land/ad/4923553435?se=5ErJyYad7xGsfsjnwIj2Ow&utm_medium=api&utm_source=fb08740f&v=82CE3D57F9726D424A51EE063488FEBFADF54E82,2024-11-02 13:45:56+00:00,2024-11
Senior Data Analyst,Mission Lane,"['US', 'Texas', 'Travis County', 'Bee Cave']",https://www.adzuna.com/land/ad/4907648818?se=5ErJyYad7xGsfsjnwIj2Ow&utm_medium=api&utm_source=fb08740f&v=8C78CD843122A0034E92A2511B6EEE1CBE64BE38,2024-10-19 14:23:01+00:00,2024-10
Senior Data Analyst,Mission Lane,"['US', 'California', 'San Diego County', 'San Diego']",https://www.adzuna.com/land/ad/4907648558?se=5ErJyYad7xGsfsjnwIj2Ow&utm_medium=api&utm_source=fb08740f&v=9A39D7FA8DDD9F325AB2BC00D3FA36911A732149,2024-10-19 14:22:23+00:00,2024-10
Senior Data Analyst,Mission Lane,"['US', 'Texas', 'Dallas', 'Highland Park']",https://www.adzuna.com/land/ad/4907648575?se=5ErJyYad7xGsfsjnwIj2Ow&utm_medium=api&utm_source=fb08740f&v=F4624F5C3995630EA21F8429D90DEB7AC1A0888A,2024-10-19 14:22:27+00:00,2024-10
Senior Data Analyst,Mission Lane,"['US', 'Texas', 'Harris County', 'Trammells']",https://www.adzuna.com/land/ad/4907648590?se=5ErJyYad7xGsfsjnwIj2Ow&utm_medium=api&utm_source=fb08740f&v=5B7B7C446602A7B9F2C1E07951A5A15325BAA8A6,2024-10-19 14:22:32+00:00,2024-10
Senior Data Analyst,Mission Lane,"['US', 'Pennsylvania', 'Montgomery County', 'Elkins Park']",https://www.adzuna.com/land/ad/4907648568?se=5ErJyYad7xGsfsjnwIj2Ow&utm_medium=api&utm_source=fb08740f&v=75321767839B8409955651A9A8EDCBF81B5D9481,2024-10-19 14:22:27+00:00,2024-10
Senior Data Analyst,Mission Lane,"['US', 'California', 'Santa Clara County', 'Campbell']",https://www.adzuna.com/land/ad/4907648559?se=5ErJyYad7xGsfsjnwIj2Ow&utm_medium=api&utm_source=fb08740f&v=5F719612D0FB01508ABC58A3F5D390BB6B2FA0FE,2024-10-19 14:22:23+00:00,2024-10
Senior Data Analyst,Mission Lane,"['US', 'Illinois', 'Cook County', 'Schiller Park']",https://www.adzuna.com/land/ad/4907648582?se=5ErJyYad7xGsfsjnwIj2Ow&utm_medium=api&utm_source=fb08740f&v=23E7C86E60A4C3295F79BD2BC6376E2ADACE9644,2024-10-19 14:22:32+00:00,2024-10
Senior Data Analyst,Mission Lane,"['US', 'Massachusetts', 'Suffolk County', 'South Boston']",https://www.adzuna.com/land/ad/4907648714?se=5ErJyYad7xGsfsjnwIj2Ow&utm_medium=api&utm_source=fb08740f&v=B99D221FC80791FA68D3382B4385E83868A58026,2024-10-19 14:22:38+00:00,2024-10
Senior Data Analyst,Mission Lane,['US'],https://www.adzuna.com/land/ad/4907648631?se=5ErJyYad7xGsfsjnwIj2Ow&utm_medium=api&utm_source=fb08740f&v=4F706F22B8AB51CF3FAF069812A7E57812CC9128,2024-10-19 14:22:35+00:00,2024-10
Senior Data Analyst,Mission Lane,"['US', 'California', 'San Francisco', 'Hayes Valley']",https://www.adzuna.com/land/ad/4907648571?se=5ErJyYad7xGsfsjnwIj2Ow&utm_medium=api&utm_source=fb08740f&v=62E07B56C8706ABA3959071BBC8CFB513B0CB30D,2024-10-19 14:22:27+00:00,2024-10
Senior Data Analyst,Mission Lane,"['US', 'California', 'Los Angeles County', 'Textile Finance']",https://www.adzuna.com/land/ad/4907648758?se=5ErJyYad7xGsfsjnwIj2Ow&utm_medium=api&utm_source=fb08740f&v=43A863A7B611C245C1A811299EF03C9B73BDE595,2024-10-19 14:22:52+00:00,2024-10
Senior Data Analyst,Mission Lane,"['US', 'New York', 'New York City', 'Manhattan', 'Grand Central']",https://www.adzuna.com/land/ad/4907648845?se=5ErJyYad7xGsfsjnwIj2Ow&utm_medium=api&utm_source=fb08740f&v=4AF504E6DC30BA3C0FB719C278F56CD9F3C5D718,2024-10-19 14:23:05+00:00,2024-10
Senior Data Analyst,Mission Lane,"['US', 'Washington, D.C.', 'Washington']",https://www.adzuna.com/land/ad/4907648852?se=5ErJyYad7xGsfsjnwIj2Ow&utm_medium=api&utm_source=fb08740f&v=6C2F6216B8401A5E38F28263E96A1EC476736A9F,2024-10-19 14:23:05+00:00,2024-10
Senior Data Analyst,Mission Lane,"['US', 'Georgia', 'DeKalb County', 'Northlake']",https://www.adzuna.com/land/ad/4907648814?se=5ErJyYad7xGsfsjnwIj2Ow&utm_medium=api&utm_source=fb08740f&v=E52D964E1C54B28A39CD243F40A012C6C5B1224E,2024-10-19 14:23:01+00:00,2024-10
Data Analyst Summer Intern,Experian,"['US', 'California', 'Butte County', 'Chico']",https://www.adzuna.com/land/ad/4918435544?se=5ErJyYad7xGsfsjnwIj2Ow&utm_medium=api&utm_source=fb08740f&v=AB609364007A671C8B40775BFE70540E69886B02,2024-10-30 04:54:54+00:00,2024-10
Data Analyst Summer Intern,Experian,"['US', 'Virginia', 'Harrisonburg City', 'Harrisonburg']",https://www.adzuna.com/land/ad/4918435539?se=5ErJyYad7xGsfsjnwIj2Ow&utm_medium=api&utm_source=fb08740f&v=29B85AB390E242FDCE21B1FA75BE6934B54F6054,2024-10-30 04:54:54+00:00,2024-10
Data Analyst Summer Intern,Experian,"['US', 'Pennsylvania', 'Chester County', 'West Chester']",https://www.adzuna.com/land/ad/4918435534?se=5ErJyYad7xGsfsjnwIj2Ow&utm_medium=api&utm_source=fb08740f&v=F7D9F256510E4C3389CAD2091671C9AE8D7F3F3A,2024-10-30 04:54:54+00:00,2024-10
Data Analyst Summer Intern,Experian,"['US', 'Virginia', 'Richmond County', 'Richmond City']",https://www.adzuna.com/land/ad/4918435527?se=5ErJyYad7xGsfsjnwIj2Ow&utm_medium=api&utm_source=fb08740f&v=F32877AA6EDC8843E779984AA716138F84F12B3F,2024-10-30 04:54:54+00:00,2024-10
Data Analyst Summer Intern,Experian,"['US', 'West Virginia', 'Kanawha County', 'Charleston']",https://www.adzuna.com/land/ad/4918435523?se=jJpJyoad7xG5ExfnupXhsw&utm_medium=api&utm_source=fb08740f&v=74440027AD2238169E5EFAC2194A1E907C9D083A,2024-10-30 04:54:54+00:00,2024-10
Data Analyst Summer Intern,Experian,"['US', 'Colorado', 'Larimer County', 'Fort Collins']",https://www.adzuna.com/land/ad/4918435522?se=jJpJyoad7xG5ExfnupXhsw&utm_medium=api&utm_source=fb08740f&v=E3CBF9CC387331A2BBCA180FF9D0CC0DB0E737D5,2024-10-30 04:54:54+00:00,2024-10
Data Analyst Summer Intern,Experian,"['US', 'Minnesota', 'Hennepin County', 'Plymouth']",https://www.adzuna.com/land/ad/4918435520?se=jJpJyoad7xG5ExfnupXhsw&utm_medium=api&utm_source=fb08740f&v=20D8CF8C20DC1986349DEA0F81E1709F6D83009D,2024-10-30 04:54:53+00:00,2024-10
Data Analyst Summer Intern,Experian,"['US', 'Wyoming', 'Sweetwater County', 'Rock Springs']",https://www.adzuna.com/land/ad/4918435517?se=jJpJyoad7xG5ExfnupXhsw&utm_medium=api&utm_source=fb08740f&v=1D166848F305C3F867235D7AB765A90210D1775B,2024-10-30 04:54:53+00:00,2024-10
Data Analyst Summer Intern,Experian,"['US', 'Missouri', 'Jackson County', 'Independence']",https://www.adzuna.com/land/ad/4918435514?se=jJpJyoad7xG5ExfnupXhsw&utm_medium=api&utm_source=fb08740f&v=195CDEF9E832848688AEED0E1C86D6BECB7FBABB,2024-10-30 04:54:53+00:00,2024-10
Data Analyst Summer Intern,Experian,"['US', 'Mississippi', 'Harrison County', 'Biloxi']",https://www.adzuna.com/land/ad/4918435501?se=jJpJyoad7xG5ExfnupXhsw&utm_medium=api&utm_source=fb08740f&v=87C88CD5A6FE57CC924FD78CAFC11255A0831B66,2024-10-30 04:54:53+00:00,2024-10
Data Analyst Summer Intern,Experian,"['US', 'Tennessee', 'Davidson County', 'Nashville']",https://www.adzuna.com/land/ad/4918435500?se=jJpJyoad7xG5ExfnupXhsw&utm_medium=api&utm_source=fb08740f&v=D21795B3F16D52A205D79914DD09A219BDEA8786,2024-10-30 04:54:53+00:00,2024-10
Data Analyst Summer Intern,Experian,"['US', 'Oklahoma', 'Oklahoma County', 'Oklahoma City']",https://www.adzuna.com/land/ad/4918435497?se=jJpJyoad7xG5ExfnupXhsw&utm_medium=api&utm_source=fb08740f&v=9B98BEE6AD0A737AEB130E136564E255C2D4D276,2024-10-30 04:54:53+00:00,2024-10
Data Analyst Summer Intern,Experian,"['US', 'Tennessee', 'Madison County', 'Jackson']",https://www.adzuna.com/land/ad/4918435496?se=jJpJyoad7xG5ExfnupXhsw&utm_medium=api&utm_source=fb08740f&v=539C2B6BF78E419EF6149CC3EEE21DCFCF0CFFDF,2024-10-30 04:54:53+00:00,2024-10
Data Analyst Summer Intern,Experian,"['US', 'Oklahoma', 'Comanche County', 'Lawton']",https://www.adzuna.com/land/ad/4918435480?se=jJpJyoad7xG5ExfnupXhsw&utm_medium=api&utm_source=fb08740f&v=E2158B7B33FC143EC918DC22D54AFE4FFAEBBED8,2024-10-30 04:54:53+00:00,2024-10
Data Analyst Summer Intern,Experian,"['US', 'Nevada', 'Carson City']",https://www.adzuna.com/land/ad/4918435471?se=jJpJyoad7xG5ExfnupXhsw&utm_medium=api&utm_source=fb08740f&v=AC37655390063B12964F0CFCA80D6DDCFA56E46B,2024-10-30 04:54:53+00:00,2024-10
Data Analyst Summer Intern,Experian,"['US', 'Kentucky', 'Jefferson County', 'Louisville']",https://www.adzuna.com/land/ad/4918435470?se=jJpJyoad7xG5ExfnupXhsw&utm_medium=api&utm_source=fb08740f&v=E81BA55F5D6F1B1E47CF8072080E97F2160B7708,2024-10-30 04:54:53+00:00,2024-10
Data Analyst Summer Intern,Experian,"['US', 'California', 'San Luis Obispo County', 'San Luis Obispo']",https://www.adzuna.com/land/ad/4918435466?se=jJpJyoad7xG5ExfnupXhsw&utm_medium=api&utm_source=fb08740f&v=246EA9F40B3CC253EB248CB480A9CAD650D8FCC9,2024-10-30 04:54:53+00:00,2024-10
Data Analyst Summer Intern,Experian,"['US', 'Hawaii', 'Honolulu', 'Waipahu']",https://www.adzuna.com/land/ad/4918435465?se=jJpJyoad7xG5ExfnupXhsw&utm_medium=api&utm_source=fb08740f&v=C65011225EFE83C9BAFE72B70092676B57A2767D,2024-10-30 04:54:53+00:00,2024-10
Data Analyst Summer Intern,Experian,"['US', 'Montana', 'Missoula County', 'Missoula']",https://www.adzuna.com/land/ad/4918435463?se=jJpJyoad7xG5ExfnupXhsw&utm_medium=api&utm_source=fb08740f&v=24E4D849FFB3F1914360D8AFE01956E8E8B01F7F,2024-10-30 04:54:53+00:00,2024-10
Data Analyst Summer Intern,Experian,"['US', 'West Virginia', 'Ohio County', 'Wheeling']",https://www.adzuna.com/land/ad/4918435461?se=jJpJyoad7xG5ExfnupXhsw&utm_medium=api&utm_source=fb08740f&v=5861EC8D3AFDF4B4E83FEF1467EE9FFA18958A8A,2024-10-30 04:54:53+00:00,2024-10
Data Analyst Summer Intern,Experian,"['US', 'Washington', 'Thurston County', 'Olympia']",https://www.adzuna.com/land/ad/4918435545?se=jJpJyoad7xG5ExfnupXhsw&utm_medium=api&utm_source=fb08740f&v=EFED35DFCE1E40CA27E58579EF8F2E19065AFF22,2024-10-30 04:54:54+00:00,2024-10
Data Analyst Summer Intern,Experian,"['US', 'North Carolina', 'Alamance County', 'Elon']",https://www.adzuna.com/land/ad/4918435529?se=jJpJyoad7xG5ExfnupXhsw&utm_medium=api&utm_source=fb08740f&v=74A423CA0565AD4286219ADCAFF2B1C6407B7B3B,2024-10-30 04:54:54+00:00,2024-10
Data Analyst Summer Intern,Experian,"['US', 'Virginia', 'Virginia Beach City', 'Virginia Beach']",https://www.adzuna.com/land/ad/4918435528?se=jJpJyoad7xG5ExfnupXhsw&utm_medium=api&utm_source=fb08740f&v=FEDAEC6EA821F49BF82BFF33C29F2ACC7FFCC901,2024-10-30 04:54:54+00:00,2024-10
Data Analyst Summer Intern,Experian,"['US', 'South Carolina', 'York County', 'Rock Hill']",https://www.adzuna.com/land/ad/4918435521?se=jJpJyoad7xG5ExfnupXhsw&utm_medium=api&utm_source=fb08740f&v=70408C7D133240E980A00D2E4C266794189D98A4,2024-10-30 04:54:54+00:00,2024-10
Data Analyst Summer Intern,Experian,"['US', 'Iowa', 'Black Hawk County', 'Waterloo']",https://www.adzuna.com/land/ad/4918435515?se=ds4Ry4ad7xG5ExfnupXhsw&utm_medium=api&utm_source=fb08740f&v=A5515A8D87C0723161E16EB666A2FF1CEAABED3E,2024-10-30 04:54:53+00:00,2024-10
Data Analyst Summer Intern,Experian,"['US', 'Missouri', 'Boone County', 'Columbia']",https://www.adzuna.com/land/ad/4918435508?se=ds4Ry4ad7xG5ExfnupXhsw&utm_medium=api&utm_source=fb08740f&v=3EFD845825C5246FAC7F129E42E0BF5516D9C6F9,2024-10-30 04:54:53+00:00,2024-10
Data Analyst Summer Intern,Experian,"['US', 'Texas', 'Bexar County', 'San Antonio']",https://www.adzuna.com/land/ad/4918435507?se=ds4Ry4ad7xG5ExfnupXhsw&utm_medium=api&utm_source=fb08740f&v=AE0E7FB4A28185AA6535151B35EF775FCD429DE7,2024-10-30 04:54:53+00:00,2024-10
Data Analyst Summer Intern,Experian,"['US', 'New York', 'Monroe County', 'Rochester']",https://www.adzuna.com/land/ad/4918435503?se=ds4Ry4ad7xG5ExfnupXhsw&utm_medium=api&utm_source=fb08740f&v=CD93D2E192BF9E8A0E77DD263EAE44C9C594429E,2024-10-30 04:54:53+00:00,2024-10
Data Analyst Summer Intern,Experian,"['US', 'Arizona', 'Maricopa County', 'Glendale']",https://www.adzuna.com/land/ad/4918435502?se=ds4Ry4ad7xG5ExfnupXhsw&utm_medium=api&utm_source=fb08740f&v=DE14B307E5CD8BF76F3A5655C72D7F585FCC3E93,2024-10-30 04:54:53+00:00,2024-10
Data Analyst Summer Intern,Experian,"['US', 'Texas', 'Webb County', 'Laredo']",https://www.adzuna.com/land/ad/4918435498?se=ds4Ry4ad7xG5ExfnupXhsw&utm_medium=api&utm_source=fb08740f&v=FCE7D9D6856DFBA4D817DACFB124B9952F6DEA6D,2024-10-30 04:54:53+00:00,2024-10
Data Analyst Summer Intern,Experian,"['US', 'Colorado', 'Weld County', 'Greeley']",https://www.adzuna.com/land/ad/4918435495?se=ds4Ry4ad7xG5ExfnupXhsw&utm_medium=api&utm_source=fb08740f&v=33184D1BDAF9DFE3DFD024E3FD669ABAA6379D0F,2024-10-30 04:54:53+00:00,2024-10
Data Analyst Summer Intern,Experian,"['US', 'Arkansas', 'Craighead County', 'Jonesboro']",https://www.adzuna.com/land/ad/4918435494?se=ds4Ry4ad7xG5ExfnupXhsw&utm_medium=api&utm_source=fb08740f&v=41640A598D8B84CFF0FC439E14594619FD0076D9,2024-10-30 04:54:53+00:00,2024-10
Data Analyst Summer Intern,Experian,"['US', 'Kansas', 'Sedgwick County', 'Wichita']",https://www.adzuna.com/land/ad/4918435492?se=ds4Ry4ad7xG5ExfnupXhsw&utm_medium=api&utm_source=fb08740f&v=A2CE54289C55F0287A7F51DCC903923468597F58,2024-10-30 04:54:53+00:00,2024-10
Data Analyst Summer Intern,Experian,"['US', 'Montana', 'Gallatin County', 'Bozeman']",https://www.adzuna.com/land/ad/4918435478?se=ds4Ry4ad7xG5ExfnupXhsw&utm_medium=api&utm_source=fb08740f&v=C11AA0A835177460D6E000B74ED72BB1F8DD0F6A,2024-10-30 04:54:53+00:00,2024-10
Data Analyst Summer Intern,Experian,"['US', 'Florida', 'Escambia County', 'Pensacola']",https://www.adzuna.com/land/ad/4912475269?se=ds4Ry4ad7xG5ExfnupXhsw&utm_medium=api&utm_source=fb08740f&v=33428917C358FB5061E5368CEE1B6288C2023502,2024-10-24 11:15:09+00:00,2024-10
Data Analyst Summer Intern,Experian,"['US', 'New Jersey', 'Passaic County', 'Paterson']",https://www.adzuna.com/land/ad/4912475268?se=ds4Ry4ad7xG5ExfnupXhsw&utm_medium=api&utm_source=fb08740f&v=45C231C945D0A69D968717CC9B023C13A5CB740C,2024-10-24 11:15:09+00:00,2024-10
Data Analyst Summer Intern,Experian,"['US', 'Michigan', 'Wayne County', 'Detroit']",https://www.adzuna.com/land/ad/4912475265?se=ds4Ry4ad7xG5ExfnupXhsw&utm_medium=api&utm_source=fb08740f&v=F30249D0048D5063BCF9C34743ACC63D87DE5043,2024-10-24 11:15:09+00:00,2024-10
Data Analyst Summer Intern,Experian,"['US', 'Virginia', 'Lynchburg City', 'Lynchburg']",https://www.adzuna.com/land/ad/4912475260?se=ds4Ry4ad7xG5ExfnupXhsw&utm_medium=api&utm_source=fb08740f&v=D08A171FC229305BDF838A075C6DDA90F30FAB08,2024-10-24 11:15:09+00:00,2024-10
Data Analyst Summer Intern,Experian,"['US', 'Alaska', 'Juneau']",https://www.adzuna.com/land/ad/4912475247?se=ds4Ry4ad7xG5ExfnupXhsw&utm_medium=api&utm_source=fb08740f&v=35BAB2E27B0DAC989581AE31B5EBB8EEB04AA17B,2024-10-24 11:15:09+00:00,2024-10
Data Analyst Summer Intern,Experian,"['US', 'Illinois', 'Will County', 'Joliet']",https://www.adzuna.com/land/ad/4912475245?se=ds4Ry4ad7xG5ExfnupXhsw&utm_medium=api&utm_source=fb08740f&v=80F1C8D231AD1BD9C9CCC1DD0F93BF2B6942E0A4,2024-10-24 11:15:09+00:00,2024-10
Data Analyst Summer Intern,Experian,"['US', 'Arizona', 'Pima County', 'Tucson']",https://www.adzuna.com/land/ad/4912475304?se=ds4Ry4ad7xG5ExfnupXhsw&utm_medium=api&utm_source=fb08740f&v=D359EF6AF52B7B8F011B1C7141A5A0945883F6B6,2024-10-24 11:15:10+00:00,2024-10
Data Analyst Summer Intern,Experian,"['US', 'Montana', 'Lewis and Clark County', 'Helena']",https://www.adzuna.com/land/ad/4912475270?se=ds4Ry4ad7xG5ExfnupXhsw&utm_medium=api&utm_source=fb08740f&v=B1EE723C53E5E780ECD005CE4DC405CDE3D9A97C,2024-10-24 11:15:09+00:00,2024-10
Data Analyst Summer Intern,Experian,"['US', 'Maryland', 'Baltimore County', 'Towson']",https://www.adzuna.com/land/ad/4912475267?se=ds4Ry4ad7xG5ExfnupXhsw&utm_medium=api&utm_source=fb08740f&v=C31BD0AFEACBBEE198A226BF8299E11DB9CD26F7,2024-10-24 11:15:09+00:00,2024-10
Data Analyst Summer Intern,Experian,"['US', 'Massachusetts', 'Worcester County', 'Worcester']",https://www.adzuna.com/land/ad/4912475264?se=ds4Ry4ad7xG5ExfnupXhsw&utm_medium=api&utm_source=fb08740f&v=93C8745336734157D47BAB33567CBC866AA7A3E7,2024-10-24 11:15:09+00:00,2024-10
Data Analyst Summer Intern,Experian,"['US', 'Minnesota', 'Stearns County', 'Saint Cloud']",https://www.adzuna.com/land/ad/4912475249?se=VOh9y4ad7xG5ExfnupXhsw&utm_medium=api&utm_source=fb08740f&v=75D3B2DAB3E81C727C4AA99BB06A6C47F1376364,2024-10-24 11:15:09+00:00,2024-10
Data Analyst Summer Intern,Experian,"['US', 'Texas', 'Nacogdoches County', 'Nacogdoches']",https://www.adzuna.com/land/ad/4912475241?se=VOh9y4ad7xG5ExfnupXhsw&utm_medium=api&utm_source=fb08740f&v=B5CF98F7348A0F854094D02DB347754EB2525521,2024-10-24 11:15:09+00:00,2024-10
Data Analyst Summer Intern,Experian,"['US', 'Mississippi', 'DeSoto County', 'Southaven']",https://www.adzuna.com/land/ad/4912475310?se=VOh9y4ad7xG5ExfnupXhsw&utm_medium=api&utm_source=fb08740f&v=A7F5F7B3FC3BD7A914D16971B471A5099B62C6A5,2024-10-24 11:15:10+00:00,2024-10
Data Analyst Summer Intern,Experian,"['US', 'New Jersey', 'Hudson County', 'Jersey City']",https://www.adzuna.com/land/ad/4912475298?se=VOh9y4ad7xG5ExfnupXhsw&utm_medium=api&utm_source=fb08740f&v=AE47B6878C4C3EB6797180B144DBDBE8F8499057,2024-10-24 11:15:10+00:00,2024-10
Data Analyst Summer Intern,Experian,"['US', 'Arizona', 'Coconino County', 'Flagstaff']",https://www.adzuna.com/land/ad/4912475273?se=VOh9y4ad7xG5ExfnupXhsw&utm_medium=api&utm_source=fb08740f&v=C66C283FC1FC296625F3DCA61885F2A4B0F4B472,2024-10-24 11:15:09+00:00,2024-10
Data Analyst Summer Intern,Experian,"['US', 'Nevada', 'Washoe County', 'Sparks']",https://www.adzuna.com/land/ad/4912475271?se=VOh9y4ad7xG5ExfnupXhsw&utm_medium=api&utm_source=fb08740f&v=2DF1F6B7D3A268285693F3595628BD6E275C8B8C,2024-10-24 11:15:09+00:00,2024-10
Data Analyst Summer Intern,Experian,"['US', 'Georgia', 'Chatham County', 'Savannah']",https://www.adzuna.com/land/ad/4912475266?se=VOh9y4ad7xG5ExfnupXhsw&utm_medium=api&utm_source=fb08740f&v=1FE4FFB742066E6A2625536D6DA9969A89416CB1,2024-10-24 11:15:09+00:00,2024-10
Data Analyst Summer Intern,Experian,"['US', 'Georgia', 'Fulton County', 'Atlanta']",https://www.adzuna.com/land/ad/4912475263?se=VOh9y4ad7xG5ExfnupXhsw&utm_medium=api&utm_source=fb08740f&v=B5AB62648DA2E99209B1BB7EE48F13838959F989,2024-10-24 11:15:09+00:00,2024-10
Data Analyst Summer Intern,Experian,"['US', 'Idaho', 'Ada County', 'Meridian']",https://www.adzuna.com/land/ad/4912475259?se=VOh9y4ad7xG5ExfnupXhsw&utm_medium=api&utm_source=fb08740f&v=DB78414189C3DC9075AA36201E21A5BE9BC530CE,2024-10-24 11:15:09+00:00,2024-10
Data Analyst Summer Intern,Experian,"['US', 'Kentucky', 'Warren County', 'Bowling Green']",https://www.adzuna.com/land/ad/4912475258?se=VOh9y4ad7xG5ExfnupXhsw&utm_medium=api&utm_source=fb08740f&v=FE6F65B313C12FAA31B3CA7023C390C2F4D38A72,2024-10-24 11:15:09+00:00,2024-10
Data Analyst Summer Intern,Experian,"['US', 'Pennsylvania', 'Indiana County', 'Indiana']",https://www.adzuna.com/land/ad/4912475244?se=VOh9y4ad7xG5ExfnupXhsw&utm_medium=api&utm_source=fb08740f&v=0BC1F6D26C26F2AC03CD3C9F953E1CB4143F57D6,2024-10-24 11:15:09+00:00,2024-10
Data Analyst Summer Intern,Experian,"['US', 'Wyoming', 'Natrona County', 'Casper']",https://www.adzuna.com/land/ad/4912475242?se=VOh9y4ad7xG5ExfnupXhsw&utm_medium=api&utm_source=fb08740f&v=4AA41BB807935794425BB663B2E5B5046746FE83,2024-10-24 11:15:09+00:00,2024-10
Data Analyst Summer Intern,Experian,"['US', 'Connecticut', 'New Haven County', 'Waterbury']",https://www.adzuna.com/land/ad/4904494013?se=VOh9y4ad7xG5ExfnupXhsw&utm_medium=api&utm_source=fb08740f&v=1569035E0B2585A10D0B418D7B8633E8F979D978,2024-10-16 16:26:15+00:00,2024-10
Data Analyst Summer Intern,Experian,"['US', 'Delaware', 'New Castle County', 'Wilmington']",https://www.adzuna.com/land/ad/4904499375?se=VOh9y4ad7xG5ExfnupXhsw&utm_medium=api&utm_source=fb08740f&v=990A5F0C6BEBB85D921DC9A98C449F5B16344FDF,2024-10-16 16:28:12+00:00,2024-10
Data Analyst Summer Intern,Experian,"['US', 'North Carolina', 'New Hanover County', 'Wilmington']",https://www.adzuna.com/land/ad/4904499365?se=VOh9y4ad7xG5ExfnupXhsw&utm_medium=api&utm_source=fb08740f&v=C6224FCFC872C02ABB16F38A6C746E9957CDAAF7,2024-10-16 16:28:12+00:00,2024-10
Data Analyst Summer Intern,Experian,"['US', 'Texas', 'Tarrant County', 'Arlington']",https://www.adzuna.com/land/ad/4904499322?se=VOh9y4ad7xG5ExfnupXhsw&utm_medium=api&utm_source=fb08740f&v=8D6DF37167847BDD9838727D881CB6EC52D1ADDB,2024-10-16 16:28:12+00:00,2024-10
Data Analyst Summer Intern,Experian,"['US', 'Georgia', 'Bibb County', 'Macon']",https://www.adzuna.com/land/ad/4904499321?se=VOh9y4ad7xG5ExfnupXhsw&utm_medium=api&utm_source=fb08740f&v=BA5B688A1BB5236DE838FE6A5C99AD67C4109A46,2024-10-16 16:28:12+00:00,2024-10
Data Analyst Summer Intern,Experian,"['US', 'Utah', 'Weber County', 'Ogden']",https://www.adzuna.com/land/ad/4904494006?se=VOh9y4ad7xG5ExfnupXhsw&utm_medium=api&utm_source=fb08740f&v=867B25828A99A1E4087E53628649143B5324165D,2024-10-16 16:26:15+00:00,2024-10
Data Analyst Summer Intern,Experian,"['US', 'South Carolina', 'Horry County', 'Conway']",https://www.adzuna.com/land/ad/4904494004?se=VOh9y4ad7xG5ExfnupXhsw&utm_medium=api&utm_source=fb08740f&v=62C249AA410CAD16F13B2DDC02D57348EDD88242,2024-10-16 16:26:15+00:00,2024-10
Data Analyst Summer Intern,Experian,"['US', 'New Jersey', 'Union County', 'Elizabeth']",https://www.adzuna.com/land/ad/4904499336?se=VOh9y4ad7xG5ExfnupXhsw&utm_medium=api&utm_source=fb08740f&v=BE8C56D40FEC0DD36631F1EFF1F7B80AD4A67879,2024-10-16 16:28:12+00:00,2024-10
Data Analyst Summer Intern,Experian,"['US', 'Vermont', 'Chittenden County', 'Essex Junction']",https://www.adzuna.com/land/ad/4904499320?se=DpXpy4ad7xG5ExfnupXhsw&utm_medium=api&utm_source=fb08740f&v=FF6983B882263F0BBE7207CCF4E15FFE8AFAADC2,2024-10-16 16:28:12+00:00,2024-10
Data Analyst Summer Intern,Experian,"['US', 'Kansas', 'Johnson County', 'Overland Park']",https://www.adzuna.com/land/ad/4904499349?se=DpXpy4ad7xG5ExfnupXhsw&utm_medium=api&utm_source=fb08740f&v=2088B63A1BAAB0506C0EF02DAF57DD29CB643D4E,2024-10-16 16:28:12+00:00,2024-10
Data Analyst Summer Intern,Experian,"['US', 'Alabama', 'Mobile County', 'Mobile']",https://www.adzuna.com/land/ad/4904499325?se=DpXpy4ad7xG5ExfnupXhsw&utm_medium=api&utm_source=fb08740f&v=84BB22606C12B048DBAE7F047606F2EDE6EF3D76,2024-10-16 16:28:12+00:00,2024-10
Data Analyst Summer Intern,Experian,"['US', 'Texas', 'Hunt County', 'Commerce']",https://www.adzuna.com/land/ad/4904499319?se=DpXpy4ad7xG5ExfnupXhsw&utm_medium=api&utm_source=fb08740f&v=681A2D93167A2E94C9218EF1A90312EBA50B633B,2024-10-16 16:28:12+00:00,2024-10
Data Analyst Summer Intern,Experian,"['US', 'Nebraska', 'Buffalo County', 'Kearney']",https://www.adzuna.com/land/ad/4904495973?se=DpXpy4ad7xG5ExfnupXhsw&utm_medium=api&utm_source=fb08740f&v=47A9D8453E9CF12762BCDCA01105DC90C816A44F,2024-10-16 16:27:12+00:00,2024-10
Data Analyst Summer Intern,Experian,"['US', 'Texas', 'Hays County', 'San Marcos']",https://www.adzuna.com/land/ad/4904495908?se=DpXpy4ad7xG5ExfnupXhsw&utm_medium=api&utm_source=fb08740f&v=CBE96FAE4AABF03C010FBA60088129F81642260A,2024-10-16 16:27:12+00:00,2024-10
Data Analyst Summer Intern,Experian,"['US', 'North Carolina', 'Durham County', 'Durham']",https://www.adzuna.com/land/ad/4904494485?se=DpXpy4ad7xG5ExfnupXhsw&utm_medium=api&utm_source=fb08740f&v=B15C4BB37F2EF68D4FF638BEBDE8F8513A5929BD,2024-10-16 16:26:35+00:00,2024-10
Data Analyst Summer Intern,Experian,"['US', 'Wisconsin', 'Kenosha County', 'Kenosha']",https://www.adzuna.com/land/ad/4904494483?se=DpXpy4ad7xG5ExfnupXhsw&utm_medium=api&utm_source=fb08740f&v=BB350A0019DACC12B0B2FD028C6A6094ADCF111E,2024-10-16 16:26:35+00:00,2024-10
Data Analyst Summer Intern,Experian,"['US', 'Utah', 'Cache County', 'Logan']",https://www.adzuna.com/land/ad/4904495975?se=DpXpy4ad7xG5ExfnupXhsw&utm_medium=api&utm_source=fb08740f&v=3FDF46D0D3DCF9D28BE94FB4C17E56C512E8CA7D,2024-10-16 16:27:12+00:00,2024-10
Data Analyst Summer Intern,Experian,"['US', 'North Carolina', 'Wake County', 'Raleigh']",https://www.adzuna.com/land/ad/4904495959?se=DpXpy4ad7xG5ExfnupXhsw&utm_medium=api&utm_source=fb08740f&v=11C1B269DAF65E711DE40B120097AE4D33874FF3,2024-10-16 16:27:12+00:00,2024-10
Data Analyst Summer Intern,Experian,"['US', 'Nebraska', 'Douglas County', 'Omaha']",https://www.adzuna.com/land/ad/4904495945?se=DpXpy4ad7xG5ExfnupXhsw&utm_medium=api&utm_source=fb08740f&v=DF63FFD4E9FF1400E9CFE9A4C8F476D493D5EC7A,2024-10-16 16:27:12+00:00,2024-10
Data Analyst Summer Intern,Experian,"['US', 'North Carolina', 'Watauga County', 'Boone']",https://www.adzuna.com/land/ad/4904495939?se=DpXpy4ad7xG5ExfnupXhsw&utm_medium=api&utm_source=fb08740f&v=788D0BA11BFA789BF3C3CD767A8347C1C4CC2C90,2024-10-16 16:27:12+00:00,2024-10
Data Analyst Summer Intern,Experian,"['US', 'Maine', 'York County', 'Biddeford']",https://www.adzuna.com/land/ad/4904495912?se=DpXpy4ad7xG5ExfnupXhsw&utm_medium=api&utm_source=fb08740f&v=7BF6189A8ABA836DD52B10F6FC6108ADF376CB9A,2024-10-16 16:27:12+00:00,2024-10
Data Analyst Summer Intern,Experian,"['US', 'Washington', 'King County', 'Bellevue']",https://www.adzuna.com/land/ad/4904495909?se=DpXpy4ad7xG5ExfnupXhsw&utm_medium=api&utm_source=fb08740f&v=6C181B297E68748DAA0827579104BC4FAEAD93AC,2024-10-16 16:27:12+00:00,2024-10
Data Analyst Summer Intern,Experian,"['US', 'New Jersey', 'Essex County', 'Newark']",https://www.adzuna.com/land/ad/4904499341?se=DpXpy4ad7xG5ExfnupXhsw&utm_medium=api&utm_source=fb08740f&v=9165C7AA996862AF740B5D67DC13BDAA544055E5,2024-10-16 16:28:12+00:00,2024-10
Data Analyst Summer Intern,Experian,"['US', 'North Carolina', 'Pitt County', 'Greenville']",https://www.adzuna.com/land/ad/4904499340?se=DpXpy4ad7xG5ExfnupXhsw&utm_medium=api&utm_source=fb08740f&v=F55C32CD7F1D63238A6BBE0DDC5E09F4597192D3,2024-10-16 16:28:12+00:00,2024-10
Data Analyst Summer Intern,Experian,"['US', 'Michigan', 'Macomb County', 'Sterling Heights']",https://www.adzuna.com/land/ad/4904499335?se=DpXpy4ad7xG5ExfnupXhsw&utm_medium=api&utm_source=fb08740f&v=E0A146612B72723F7FD8D556F370C86B450277A2,2024-10-16 16:28:12+00:00,2024-10
Data Analyst Summer Intern,Experian,"['US', 'Connecticut', 'Fairfield County', 'Stamford']",https://www.adzuna.com/land/ad/4904499330?se=DpXpy4ad7xG5ExfnupXhsw&utm_medium=api&utm_source=fb08740f&v=DF1D5EE6E220BAEC2D2C84F39227C3997AC07319,2024-10-16 16:28:12+00:00,2024-10
Data Analyst Summer Intern,Experian,"['US', 'Maryland', ""Prince George's County"", 'Bowie']",https://www.adzuna.com/land/ad/4912475253?se=DpXpy4ad7xG5ExfnupXhsw&utm_medium=api&utm_source=fb08740f&v=D36E01AB4AB83925E2C09BD3069F4184D48EBB2D,2024-10-24 11:15:09+00:00,2024-10
Data Analyst Summer Intern,Experian,"['US', 'Arkansas', 'Pulaski County', 'Little Rock']",https://www.adzuna.com/land/ad/4912475248?se=DpXpy4ad7xG5ExfnupXhsw&utm_medium=api&utm_source=fb08740f&v=62CB7838501E8CC9ECA825907C01CBA1DEE8B946,2024-10-24 11:15:09+00:00,2024-10
